{
  "best_model_name": "Random Forest",
  "best_threshold": 0.5000000000000001,
  "recall_threshold": 0.05,
  "test_metrics": {
    "Logistic Regression": {
      "accuracy": 0.9288833437305053,
      "precision": 0.7002164502164502,
      "recall": 0.9087078651685393,
      "f1": 0.7909535452322738,
      "roc_auc": 0.9717414496219487,
      "pr_auc": 0.8909721908942368,
      "train_time": 0.11386752128601074
    },
    "Random Forest": {
      "accuracy": 0.9977126221667706,
      "precision": 0.9915848527349228,
      "recall": 0.9929775280898876,
      "f1": 0.992280701754386,
      "roc_auc": 0.9999136117685453,
      "pr_auc": 0.9995208643223,
      "train_time": 1.9618322849273682
    },
    "Gradient Boosting": {
      "accuracy": 0.9972967352880017,
      "precision": 0.9915611814345991,
      "recall": 0.9901685393258427,
      "f1": 0.9908643710470836,
      "roc_auc": 0.9998875581749321,
      "pr_auc": 0.9994489610971179,
      "train_time": 35.50831437110901
    },
    "MLP (Deep Learning)": {
      "accuracy": 0.991474318985236,
      "precision": 0.97054698457223,
      "recall": 0.9719101123595506,
      "f1": 0.9712280701754386,
      "roc_auc": 0.9990024216129643,
      "pr_auc": 0.994536918686406,
      "train_time": 15.120306015014648
    }
  }
}